y,i,j,lon,lat
71.5,19705,7349,-15.79166667,13.75833333
62.85714286,19722,7268,-15.65,14.43333333
38.4,19981,7071,-13.49166667,16.075
74.3,19631,7281,-16.40833333,14.325
67.35714286,19668,7283,-16.1,14.30833333
78,19748,7346,-15.43333333,13.78333333
50.33333333,20001,7127,-13.325,15.60833333
45,20007,7141,-13.275,15.49166667
22.16666667,19740,7052,-15.5,16.23333333
75,19626,7078,-16.45,16.01666667
73.8,19648,7273,-16.26666667,14.39166667
52.04545455,19778,7291,-15.18333333,14.24166667
64.6,19791,7010,-15.075,16.58333333
59.1,19517,7228,-17.35833333,14.76666667
59.84375,19955,7258,-13.70833333,14.51666667
54.21428571,19741,7363,-15.49166667,13.64166667
65.25,19625,7246,-16.45833333,14.61666667
66.8,19652,7240,-16.23333333,14.66666667
37.75,19751,7481,-15.40833333,12.65833333
69.5,19808,7453,-14.93333333,12.89166667
55.14285714,19640,7239,-16.33333333,14.675
99.3,19632,7280,-16.4,14.33333333
39.86666667,19604,7505,-16.63333333,12.45833333
40.05555556,19863,7311,-14.475,14.075
73,19619,7094,-16.50833333,15.88333333
33.56666667,19877,7432,-14.35833333,13.06666667
69,19687,7287,-15.94166667,14.275
61.16666667,19872,7010,-14.4,16.58333333
53.9,19758,7292,-15.35,14.23333333
53,19838,7029,-14.68333333,16.425
71.3,19516,7227,-17.36666667,14.775
41.43333333,19783,7408,-15.14166667,13.26666667
31.94444444,19637,7497,-16.35833333,12.525
73,19624,7306,-16.46666667,14.11666667
92.875,20105,7212,-12.45833333,14.9
42.3125,19652,7463,-16.23333333,12.80833333
63.9,19636,7335,-16.36666667,13.875
75.66666667,19961,7349,-13.65833333,13.75833333
75.46428571,20234,7448,-11.38333333,12.93333333
38.8,19708,7237,-15.76666667,14.69166667
73.11111111,19689,7287,-15.925,14.275
44.11111111,19864,7336,-14.46666667,13.86666667
71.3,20059,7316,-12.84166667,14.03333333
60.8,19853,7270,-14.55833333,14.41666667
74.75,20048,7186,-12.93333333,15.11666667
76.66666667,20042,7172,-12.98333333,15.23333333
40.4,19605,7511,-16.625,12.40833333
82.44444444,20071,7293,-12.74166667,14.225
66,19511,7231,-17.40833333,14.74166667
78.4,19716,7243,-15.7,14.64166667
37.08333333,19718,7492,-15.68333333,12.56666667
84.4,19576,7188,-16.86666667,15.1
88.0625,20138,7494,-12.18333333,12.55
33.83333333,19780,7433,-15.16666667,13.05833333
70.9,19653,7349,-16.225,13.75833333
73.16666667,19695,7215,-15.875,14.875
72.2,19654,7240,-16.21666667,14.66666667
71.2,19639,7078,-16.34166667,16.01666667
56.5,19620,7093,-16.5,15.89166667
52.78571429,19913,7172,-14.05833333,15.23333333
36.125,20000,7127,-13.33333333,15.60833333
59.16666667,19903,7450,-14.14166667,12.91666667
66.28571429,19626,7155,-16.45,15.375
104.25,19511,7227,-17.40833333,14.775
64.92857143,19705,7334,-15.79166667,13.88333333
54.59090909,19751,7284,-15.40833333,14.3
31.625,19646,7450,-16.28333333,12.91666667
32.38888889,19642,7494,-16.31666667,12.55
58.61111111,20054,7162,-12.88333333,15.31666667
66.5,19721,7318,-15.65833333,14.01666667
69.08333333,19743,7158,-15.475,15.35
59.83333333,19716,7028,-15.7,16.43333333
88.5,19567,7224,-16.94166667,14.8
78.85714286,19671,7304,-16.075,14.13333333
66.8,19516,7228,-17.36666667,14.76666667
70.5,19631,7282,-16.40833333,14.31666667
75.1,19653,7244,-16.225,14.63333333
79.6,19653,7124,-16.225,15.63333333
96.85,19823,7322,-14.80833333,13.98333333
61.6,19639,7142,-16.34166667,15.48333333
62.625,19807,7454,-14.94166667,12.88333333
35.0625,19706,7417,-15.78333333,13.19166667
66.75,19793,7304,-15.05833333,14.13333333
49.5,19610,7167,-16.58333333,15.275
63,19627,7155,-16.44166667,15.375
40.83333333,19733,7492,-15.55833333,12.56666667
76,19573,7218,-16.89166667,14.85
75.8,19650,7267,-16.25,14.44166667
43.53571429,20094,7494,-12.55,12.55
48.8,19508,7234,-17.43333333,14.71666667
72.1,19611,7248,-16.575,14.6
43.78571429,20130,7508,-12.25,12.43333333
62.1,19674,7194,-16.05,15.05
53.3125,19790,7469,-15.08333333,12.75833333
75.75,20134,7265,-12.21666667,14.45833333
77.9,19514,7226,-17.38333333,14.78333333
98.375,20074,7299,-12.71666667,14.175
53.16666667,19818,7274,-14.85,14.38333333
56,19619,7075,-16.50833333,16.04166667
96.83333333,19635,7334,-16.375,13.88333333
77.5,19660,7287,-16.16666667,14.275
73.4375,19707,7350,-15.775,13.75
52.66666667,19693,7218,-15.89166667,14.85
48.16666667,19742,7476,-15.48333333,12.7
75.5,19570,7285,-16.91666667,14.29166667
63.91666667,19627,7237,-16.44166667,14.69166667
72.77272727,20191,7462,-11.74166667,12.81666667
36.25,19669,7479,-16.09166667,12.675
59.1875,19880,7453,-14.33333333,12.89166667
62.875,19736,7325,-15.53333333,13.95833333
78.5,19728,7368,-15.6,13.6
88,19673,7349,-16.05833333,13.75833333
42.82142857,19830,7396,-14.75,13.36666667
71.5,19527,7227,-17.275,14.775
81.4,19553,7264,-17.05833333,14.46666667
87.125,19652,7125,-16.23333333,15.625
52.26666667,19924,7236,-13.96666667,14.7
63,20105,7361,-12.45833333,13.65833333
57.06666667,20175,7461,-11.875,12.825
91.6,19654,7125,-16.21666667,15.625
82.25,20085,7189,-12.625,15.09166667
45.5,19951,7338,-13.74166667,13.85
64.8,19544,7230,-17.13333333,14.75
93.16666667,19985,7333,-13.45833333,13.89166667
50.8,19625,7269,-16.45833333,14.425
67.22222222,20055,7184,-12.875,15.13333333
49.375,20129,7374,-12.25833333,13.55
82.25,19673,7339,-16.05833333,13.84166667
88.9,19513,7226,-17.39166667,14.78333333
70.5,19735,7308,-15.54166667,14.1
36.33333333,19686,7489,-15.95,12.59166667
41.11111111,19849,7353,-14.59166667,13.725
48.25,19694,7212,-15.88333333,14.9
41.75,19645,7491,-16.29166667,12.575
80.75,19730,7337,-15.58333333,13.85833333
39,20001,7128,-13.325,15.6
67.2,19541,7221,-17.15833333,14.825
62.42857143,19672,7304,-16.06666667,14.13333333
47,19794,7408,-15.05,13.26666667
27.08333333,19696,7456,-15.86666667,12.86666667
73.21428571,19786,7152,-15.11666667,15.4
69.9,19634,7319,-16.38333333,14.00833333
81.77777778,20024,7155,-13.13333333,15.375
59.16666667,19703,7306,-15.80833333,14.11666667
74.07142857,19711,7304,-15.74166667,14.13333333
48.8,19654,7259,-16.21666667,14.50833333
33.43333333,19603,7496,-16.64166667,12.53333333
62.28571429,19626,7237,-16.45,14.69166667
72.42857143,19833,7182,-14.725,15.15
75.5,19570,7226,-16.91666667,14.78333333
61.6,19597,7227,-16.69166667,14.775
67.6,19623,7310,-16.475,14.08333333
72.09090909,19734,7330,-15.55,13.91666667
70.125,20097,7198,-12.525,15.01666667
55.25,20097,7233,-12.525,14.725
62.9375,19793,7145,-15.05833333,15.45833333
82.64285714,19751,7340,-15.40833333,13.83333333
83,20139,7493,-12.175,12.55833333
93,19509,7229,-17.425,14.75833333
43.9375,19652,7464,-16.23333333,12.8
44.875,19723,7408,-15.64166667,13.26666667
51.5,19701,7254,-15.825,14.55
81.33333333,19630,7088,-16.41666667,15.93333333
43.8,19592,7277,-16.73333333,14.35833333
42.05555556,19841,7337,-14.65833333,13.85833333
64.66666667,19692,7224,-15.9,14.8
59.5,19731,7158,-15.575,15.35
54.6,19514,7229,-17.38333333,14.75833333
44.33333333,19733,7476,-15.55833333,12.7
75.5625,19724,7316,-15.63333333,14.03333333
53.16666667,19884,7327,-14.3,13.94166667
78.5,19639,7066,-16.34166667,16.11666667
45.5,20230,7437,-11.41666667,13.025
73.125,19559,7258,-17.00833333,14.51666667
71.5,19507,7229,-17.44166667,14.75833333
82.78571429,20138,7494,-12.18333333,12.55
42.83333333,19724,7500,-15.63333333,12.5
79.07142857,19744,7158,-15.46666667,15.35
34.08823529,19609,7494,-16.59166667,12.55
59.4,19643,7257,-16.30833333,14.525
70.2,19538,7233,-17.18333333,14.725
43.71428571,19889,7361,-14.25833333,13.65833333
47.1875,20171,7391,-11.90833333,13.40833333
61.61111111,20026,7160,-13.11666667,15.33333333
55.66666667,19663,7491,-16.14166667,12.575
80.83333333,19612,7116,-16.56666667,15.7
69.2,19629,7072,-16.425,16.06666667
57.22222222,19654,7492,-16.21666667,12.56666667
29.83333333,19611,7492,-16.575,12.56666667
46.66666667,19629,7131,-16.425,15.575
67.375,20009,7121,-13.25833333,15.65833333
73,19619,7076,-16.50833333,16.03333333
86.5,19569,7224,-16.925,14.8
43.38888889,19958,7314,-13.68333333,14.05
72.5,19687,7289,-15.94166667,14.25833333
56.2,19514,7227,-17.38333333,14.775
83,19786,7152,-15.11666667,15.4
67.28571429,19734,7309,-15.55,14.09166667
63.125,19969,7373,-13.59166667,13.55833333
50.4,19732,7475,-15.56666667,12.70833333
47.64285714,19680,7033,-16,16.39166667
68.94444444,20085,7281,-12.625,14.325
50.5,19866,7168,-14.45,15.26666667
81.8,19695,7491,-15.875,12.575
70.08333333,19692,7225,-15.9,14.79166667
55.21428571,19809,7287,-14.925,14.275
66.3,19511,7227,-17.40833333,14.775
58.68181818,19744,7298,-15.46666667,14.18333333
32.6875,19613,7434,-16.55833333,13.05
60.85714286,19632,7055,-16.4,16.20833333
75.33333333,19709,7357,-15.75833333,13.69166667
46.33333333,19858,7297,-14.51666667,14.19166667
56.16666667,19678,7171,-16.01666667,15.24166667
44.66666667,19776,7437,-15.2,13.025
97.3,19513,7227,-17.39166667,14.775
39.64285714,19986,7101,-13.45,15.825
50.3125,19821,7391,-14.825,13.40833333
61.78571429,19733,7022,-15.55833333,16.48333333
52.22222222,20005,7318,-13.29166667,14.01666667
39.25,19780,7465,-15.16666667,12.79166667
29,19624,7496,-16.46666667,12.53333333
69.16666667,19701,7020,-15.825,16.5
68.2,19608,7320,-16.6,14
54,19505,7236,-17.45833333,14.7
82.4,19526,7228,-17.28333333,14.76666667
63.9,19516,7228,-17.36666667,14.76666667
61.4375,20131,7264,-12.24166667,14.46666667
32,19711,7503,-15.74166667,12.475
65.8,19678,7271,-16.01666667,14.40833333
75.66666667,19507,7229,-17.44166667,14.75833333
58.5,19671,7488,-16.075,12.6
51,19732,7021,-15.56666667,16.49166667
52.25,19769,7299,-15.25833333,14.175
42.73333333,19860,7432,-14.5,13.06666667
44.79411765,20095,7511,-12.54166667,12.40833333
70.6,19533,7227,-17.225,14.775
44.5,19748,7028,-15.43333333,16.43333333
84.625,20074,7298,-12.71666667,14.18333333
37.8,19818,7443,-14.85,12.975
27.5625,19722,7444,-15.65,12.96666667
49.1,19806,7388,-14.95,13.43333333
75,19667,7231,-16.10833333,14.74166667
84.9375,19805,7002,-14.95833333,16.65
87.125,19596,7228,-16.7,14.76666667
38.5,19647,7491,-16.275,12.575
53.04545455,19770,7262,-15.25,14.48333333
67.3125,20203,7393,-11.64166667,13.39166667
69.44444444,20056,7168,-12.86666667,15.26666667
74,19565,7226,-16.95833333,14.78333333
87.5,19514,7228,-17.38333333,14.76666667
38.1,19594,7517,-16.71666667,12.35833333
89.9,19647,7216,-16.275,14.86666667
75.5,19671,7261,-16.075,14.49166667
59.83333333,20040,7168,-13,15.26666667
62.4,19512,7230,-17.4,14.75
87.4,19648,7322,-16.26666667,13.98333333
63.28571429,19739,7312,-15.50833333,14.06666667
55.71428571,20189,7460,-11.75833333,12.83333333
60.625,19513,7228,-17.39166667,14.76666667
32.2,20160,7509,-12,12.425
67.5,19635,7227,-16.375,14.775
65.75,19642,7161,-16.31666667,15.325
41.5625,19849,7281,-14.59166667,14.325
44.875,19592,7449,-16.73333333,12.925
56.22222222,19907,7028,-14.10833333,16.43333333
84.5,19986,7333,-13.45,13.89166667
60.25,19645,7134,-16.29166667,15.55
79.4,19660,7198,-16.16666667,15.01666667
63,19623,7352,-16.475,13.73333333
68.16666667,19918,7057,-14.01666667,16.19166667
37.16666667,19755,7488,-15.375,12.6
92.16666667,20019,7141,-13.175,15.49166667
68.5,19640,7226,-16.33333333,14.78333333
31.5,19745,7490,-15.45833333,12.58333333
37.41666667,19733,7476,-15.55833333,12.7
50.75,19757,7299,-15.35833333,14.175
59.5,19532,7229,-17.23333333,14.75833333
64.3,19769,7164,-15.25833333,15.3
58.5,19663,7047,-16.14166667,16.275
47.83333333,19682,7460,-15.98333333,12.83333333
50.71428571,19818,7125,-14.85,15.625
38.375,19735,7413,-15.54166667,13.225
43,19648,7491,-16.26666667,12.575
78.625,19787,7152,-15.10833333,15.4
74.4,19646,7220,-16.28333333,14.83333333
69.6,19653,7086,-16.225,15.95
79.5,19672,7261,-16.06666667,14.49166667
85.8,19596,7178,-16.7,15.18333333
57.9375,19667,7183,-16.10833333,15.14166667
53.42857143,19824,7322,-14.8,13.98333333
76.5,19742,7158,-15.48333333,15.35
32.92857143,19629,7499,-16.425,12.50833333
60.4,19547,7226,-17.10833333,14.78333333
89.58333333,19653,7125,-16.225,15.625
66.33333333,19694,7218,-15.88333333,14.85
73.5,19747,7167,-15.44166667,15.275
84.4,19639,7326,-16.34166667,13.95
66,19564,7269,-16.96666667,14.425
73.78571429,19753,7337,-15.39166667,13.85833333
50.375,19740,7299,-15.5,14.175
97.42857143,19823,7323,-14.80833333,13.975
67.6,19515,7231,-17.375,14.74166667
51.4,19626,7250,-16.45,14.58333333
66.11111111,20038,7158,-13.01666667,15.35
47.33333333,19646,7491,-16.28333333,12.575
91.25,19824,7323,-14.8,13.975
68.71428571,19692,7327,-15.9,13.94166667
91,19569,7225,-16.925,14.79166667
58.80769231,19888,7201,-14.26666667,14.99166667
90,19601,7298,-16.65833333,14.18333333
54.63636364,19779,7286,-15.175,14.28333333
75.7,19691,7225,-15.90833333,14.79166667
53.21428571,19906,7422,-14.11666667,13.15
80.64285714,19710,7304,-15.75,14.13333333
58.4,19673,7261,-16.05833333,14.49166667
79.9,19630,7281,-16.41666667,14.325
61.5,19522,7230,-17.31666667,14.75
30.8125,19631,7504,-16.40833333,12.46666667
58,19576,7247,-16.86666667,14.60833333
73.33333333,20076,7189,-12.7,15.09166667
58,19627,7156,-16.44166667,15.36666667
42.42857143,19948,7422,-13.76666667,13.15
28.25,19738,7498,-15.51666667,12.51666667
79.625,19711,7276,-15.74166667,14.36666667
67.71428571,19681,7317,-15.99166667,14.025
57.96428571,19880,7170,-14.33333333,15.25
54.5,19662,7076,-16.15,16.03333333
36.625,19994,7078,-13.38333333,16.01666667
49.5,20071,7302,-12.74166667,14.15
37.75,19680,7450,-16,12.91666667
38.58333333,19684,7468,-15.96666667,12.76666667
88.1,19673,7261,-16.05833333,14.49166667
56.1,19514,7227,-17.38333333,14.775
76.3125,19674,7357,-16.05,13.69166667
54.6,19586,7238,-16.78333333,14.68333333
72.7,19576,7293,-16.86666667,14.225
85.33333333,19692,7225,-15.9,14.79166667
77.22222222,20067,7188,-12.775,15.1
63.4,19529,7233,-17.25833333,14.725
81.92857143,19629,7367,-16.425,13.60833333
35.5,19652,7463,-16.23333333,12.80833333
71.8,19604,7187,-16.63333333,15.10833333
63.57142857,19735,7307,-15.54166667,14.10833333
36.8125,19848,7461,-14.6,12.825
44.875,19723,7433,-15.64166667,13.05833333
64.4,19512,7227,-17.4,14.775
31.75,19733,7475,-15.55833333,12.70833333
65.6,19516,7229,-17.36666667,14.75833333
72.57142857,20137,7493,-12.19166667,12.55833333
26.42857143,19929,7422,-13.925,13.15
79.08333333,19626,7237,-16.45,14.69166667
74.4375,20124,7271,-12.3,14.40833333
28,19935,7465,-13.875,12.79166667
56.75,20139,7238,-12.175,14.68333333
42.5,20012,7119,-13.23333333,15.675
78.42857143,19985,7333,-13.45833333,13.89166667
85.6,19631,7281,-16.40833333,14.325
100,19509,7228,-17.425,14.76666667
57.75,19806,7455,-14.95,12.875
68.69230769,20164,7424,-11.96666667,13.13333333
51.6875,19995,7278,-13.375,14.35
73.22222222,19805,7002,-14.95833333,16.65
80.33333333,19697,7094,-15.85833333,15.88333333
62.9,19654,7212,-16.21666667,14.9
56.08333333,19694,7491,-15.88333333,12.575
84.8,19515,7226,-17.375,14.78333333
58.38888889,20043,7354,-12.975,13.71666667
98,19823,7323,-14.80833333,13.975
54.5,19619,7098,-16.50833333,15.85
45.9,19775,7397,-15.20833333,13.35833333
36.33333333,19682,7460,-15.98333333,12.83333333
47.5,19621,7079,-16.49166667,16.00833333
41.76923077,19587,7505,-16.775,12.45833333
68.33333333,19506,7232,-17.45,14.73333333
50.57142857,19667,7291,-16.10833333,14.24166667
28.56666667,19616,7505,-16.53333333,12.45833333
43.03333333,19813,7449,-14.89166667,12.925
70.78571429,19677,7278,-16.025,14.35
24.8125,19722,7433,-15.65,13.05833333
82.4,19586,7195,-16.78333333,15.04166667
38.3125,19704,7445,-15.8,12.95833333
69.83333333,20035,7269,-13.04166667,14.425
87.25,19686,7288,-15.95,14.26666667
85.25,19642,7097,-16.31666667,15.85833333
46.36363636,19764,7291,-15.3,14.24166667
77.1875,19673,7338,-16.05833333,13.85
63.8,19518,7226,-17.35,14.78333333
78.58333333,19644,7316,-16.3,14.03333333
73.875,19710,7305,-15.75,14.125
100.5,20074,7298,-12.71666667,14.18333333
69.4,19506,7229,-17.45,14.75833333
86.6,19672,7260,-16.06666667,14.5
71.57142857,19742,7328,-15.48333333,13.93333333
76.16666667,19504,7229,-17.46666667,14.75833333
31.6,19620,7260,-16.5,14.5
34.72916667,20063,7491,-12.80833333,12.575
86,19632,7280,-16.4,14.33333333
43.64285714,19647,7286,-16.275,14.28333333
37.875,19965,7082,-13.625,15.98333333
74.35714286,19686,7287,-15.95,14.275
42.75,19728,7454,-15.6,12.88333333
61.1,19641,7333,-16.325,13.89166667
53.79411765,19839,7133,-14.675,15.55833333
94.4,19563,7269,-16.975,14.425
55.83333333,20103,7393,-12.475,13.39166667
52.7,20028,7480,-13.1,12.66666667
76.3,19647,7077,-16.275,16.025
59.1,19608,7251,-16.6,14.575
66.5,19798,7021,-15.01666667,16.49166667
67.7,19520,7232,-17.33333333,14.73333333
55.92857143,19735,7308,-15.54166667,14.1
35,20141,7494,-12.15833333,12.55
63.25,19605,7142,-16.625,15.48333333
55.27777778,19695,7039,-15.875,16.34166667
60.27777778,19710,7315,-15.75,14.04166667
80.16666667,20047,7177,-12.94166667,15.19166667
43.5,19865,7442,-14.45833333,12.98333333
37.6,19843,7413,-14.64166667,13.225
56.86666667,19593,7512,-16.725,12.4
41.21428571,19863,7193,-14.475,15.05833333
52,19621,7079,-16.49166667,16.00833333
56.25,20224,7500,-11.46666667,12.5
86.2,19577,7240,-16.85833333,14.66666667
37.5,19954,7450,-13.71666667,12.91666667
57.92857143,19672,7297,-16.06666667,14.19166667
73,19666,7249,-16.11666667,14.59166667
32,19883,7052,-14.30833333,16.23333333
29.42857143,20115,7498,-12.375,12.51666667
43.91666667,19750,7482,-15.41666667,12.65
87.8,19575,7195,-16.875,15.04166667
65.5,19695,7217,-15.875,14.85833333
59.8,19540,7244,-17.16666667,14.63333333
59.8,19635,7150,-16.375,15.41666667
35.5,19716,7027,-15.7,16.44166667
63.88888889,19660,7492,-16.16666667,12.56666667
46.85714286,20001,7127,-13.325,15.60833333
45.83333333,19506,7239,-17.45,14.675
58.83333333,19681,7196,-15.99166667,15.03333333
54.13333333,20219,7481,-11.50833333,12.65833333
80,19572,7227,-16.9,14.775
61.35714286,19803,7302,-14.975,14.15
70.71428571,19716,7028,-15.7,16.43333333
39.8125,19722,7434,-15.65,13.05
61.1,19513,7228,-17.39166667,14.76666667
32.125,19617,7461,-16.525,12.825
70,19509,7228,-17.425,14.76666667
73.75,19627,7233,-16.44166667,14.725
70.16666667,19617,7113,-16.525,15.725
48.1875,19826,7476,-14.78333333,12.7
50.25,19974,7145,-13.55,15.45833333
85.25,19601,7297,-16.65833333,14.19166667
73.88888889,19811,7004,-14.90833333,16.63333333
58.1875,19793,7377,-15.05833333,13.525
48.6,20067,7288,-12.775,14.26666667
84.4,19907,7423,-14.10833333,13.14166667
87.5,20074,7298,-12.71666667,14.18333333
53.9,19645,7238,-16.29166667,14.68333333
51.71428571,20098,7207,-12.51666667,14.94166667
62.6875,19889,7263,-14.25833333,14.475
50.36666667,19834,7405,-14.71666667,13.29166667
36.25,19767,7424,-15.275,13.13333333
30.64285714,19914,7440,-14.05,13
67.6,19659,7357,-16.175,13.69166667
41.3125,19742,7402,-15.48333333,13.31666667
32.5,19650,7494,-16.25,12.55
74,19671,7302,-16.075,14.15
61.5,19808,7265,-14.93333333,14.45833333
41.42857143,20124,7495,-12.3,12.54166667
61.16666667,19697,7217,-15.85833333,14.85833333
43.14285714,20125,7464,-12.29166667,12.8
61.44444444,20034,7144,-13.05,15.46666667
53.8,19901,7450,-14.15833333,12.91666667
47.5625,20125,7226,-12.29166667,14.78333333
53.125,19809,7452,-14.925,12.9
80.57142857,19626,7236,-16.45,14.7
56.7,19516,7227,-17.36666667,14.775
43.64285714,20144,7487,-12.13333333,12.60833333
58.64285714,19671,7302,-16.075,14.15
62.1,19669,7269,-16.09166667,14.425
71.64285714,19808,7451,-14.93333333,12.90833333
97.88888889,20024,7156,-13.13333333,15.36666667
70.2,19526,7227,-17.28333333,14.775
77.7,19527,7234,-17.275,14.71666667
72,19619,7077,-16.50833333,16.025
53.33333333,19907,7422,-14.10833333,13.15
29.57142857,20150,7505,-12.08333333,12.45833333
71.66666667,19773,7017,-15.225,16.525
74.85714286,19687,7288,-15.94166667,14.26666667
46.66666667,19738,7485,-15.51666667,12.625
76.5,19686,7287,-15.95,14.275
61.05555556,19754,7237,-15.38333333,14.69166667
65.5,19842,7019,-14.65,16.50833333
33.85714286,19924,7453,-13.96666667,12.89166667
42.625,19742,7426,-15.48333333,13.11666667
61.9,19643,7282,-16.30833333,14.31666667
59.125,19503,7230,-17.475,14.75
63.0625,19831,7475,-14.74166667,12.70833333
75.66666667,19593,7337,-16.725,13.85833333
33.625,20003,7099,-13.30833333,15.84166667
45.75,19653,7462,-16.225,12.81666667
55.4,19514,7228,-17.38333333,14.76666667
48.5625,19859,7289,-14.50833333,14.25833333
67.8,19504,7234,-17.46666667,14.71666667
61.2,19630,7187,-16.41666667,15.10833333
52.4,19529,7207,-17.25833333,14.94166667
20.3125,19729,7448,-15.59166667,12.93333333
70.25,19691,7223,-15.90833333,14.80833333
90.7,19512,7229,-17.4,14.75833333
103,19576,7191,-16.86666667,15.075
93.28571429,19687,7357,-15.94166667,13.69166667
48.6,19674,7162,-16.05,15.31666667
38.875,19995,7118,-13.375,15.68333333
65.66666667,19736,7333,-15.53333333,13.89166667
68.125,19716,7325,-15.7,13.95833333
56.64285714,19737,7346,-15.525,13.78333333
73.8,19765,7309,-15.29166667,14.09166667
56.7,19518,7226,-17.35,14.78333333
75.6,19708,7265,-15.76666667,14.45833333
72.1,19571,7178,-16.90833333,15.18333333
37.6,19609,7263,-16.59166667,14.475
45.4375,19921,7346,-13.99166667,13.78333333
46.7,19690,7249,-15.91666667,14.59166667
61.1,19520,7225,-17.33333333,14.79166667
72.42857143,19626,7236,-16.45,14.7
58.71428571,19962,7347,-13.65,13.775
80.6,19514,7228,-17.38333333,14.76666667
64.64285714,19671,7300,-16.075,14.16666667
26.14285714,19951,7474,-13.74166667,12.71666667
57.72222222,20024,7129,-13.13333333,15.59166667
60.6,19615,7176,-16.54166667,15.2
58.625,19736,7434,-15.53333333,13.05
59.9375,19675,7487,-16.04166667,12.60833333
87.1,19602,7239,-16.65,14.675
66.625,19903,7045,-14.14166667,16.29166667
60.625,19717,7435,-15.69166667,13.04166667
67.5625,20056,7168,-12.86666667,15.26666667
48.64285714,19852,7323,-14.56666667,13.975
32.8125,19984,7107,-13.46666667,15.775
58.07142857,20138,7492,-12.18333333,12.56666667
62.3,19598,7216,-16.68333333,14.86666667
48.1,19652,7244,-16.23333333,14.63333333
68.8,19740,7133,-15.5,15.55833333
71.28571429,19603,7283,-16.64166667,14.30833333
56.75,19771,7458,-15.24166667,12.85
47.71428571,19696,7280,-15.86666667,14.33333333
59.76923077,20035,7477,-13.04166667,12.69166667
89.33333333,19672,7260,-16.06666667,14.5
49.07142857,19824,7322,-14.8,13.98333333
76.58333333,19671,7240,-16.075,14.66666667
56.77777778,19832,7349,-14.73333333,13.75833333
72,19636,7070,-16.36666667,16.08333333
35,19732,7474,-15.56666667,12.71666667
65.3,19692,7225,-15.9,14.79166667
44.25,20127,7317,-12.275,14.025
48.78571429,19703,7032,-15.80833333,16.4
46.28571429,19746,7010,-15.45,16.58333333
54.375,20168,7413,-11.93333333,13.225
63.85714286,19692,7287,-15.9,14.275
84,19595,7227,-16.70833333,14.775
67.2,19608,7187,-16.6,15.10833333
94.125,20074,7298,-12.71666667,14.18333333
57,19621,7077,-16.49166667,16.025
40.16666667,19836,7345,-14.7,13.79166667
82.66666667,19654,7126,-16.21666667,15.61666667
68.64285714,20009,7121,-13.25833333,15.65833333
97.125,19512,7227,-17.4,14.775
36,19627,7457,-16.44166667,12.85833333
71.21428571,19725,7360,-15.625,13.66666667
36.05555556,19897,7339,-14.19166667,13.84166667
67.8,19683,7118,-15.975,15.68333333
65,19539,7223,-17.175,14.80833333
52.71428571,19689,7062,-15.925,16.15
82,19587,7232,-16.775,14.73333333
44.58333333,19718,7223,-15.68333333,14.80833333
30.6875,19691,7446,-15.90833333,12.95
60.80769231,20195,7415,-11.70833333,13.20833333
76.5,19564,7270,-16.96666667,14.41666667
65.41666667,19653,7123,-16.225,15.64166667
35.33333333,19718,7492,-15.68333333,12.56666667
71.08333333,19694,7221,-15.88333333,14.825
77.14285714,19689,7330,-15.925,13.91666667
89.7,19655,7222,-16.20833333,14.81666667
63.5625,20135,7266,-12.20833333,14.45
41.57142857,19683,7304,-15.975,14.13333333
54.5,19622,7084,-16.48333333,15.96666667
61.625,19764,7326,-15.3,13.95
32.5,19651,7464,-16.24166667,12.8
54.5,19852,7323,-14.56666667,13.975
52.25,19850,7403,-14.58333333,13.30833333
60.08333333,19683,7461,-15.975,12.825
32.13333333,19773,7405,-15.225,13.29166667
27,19626,7156,-16.45,15.36666667
68.6875,19959,7347,-13.675,13.775
70.6875,19742,7157,-15.48333333,15.35833333
51.85714286,19925,7164,-13.95833333,15.3
37.25,19651,7504,-16.24166667,12.46666667
71.5,19638,7204,-16.35,14.96666667
65.7,19505,7237,-17.45833333,14.69166667
76.1,19530,7235,-17.25,14.70833333
75.0625,19959,7348,-13.675,13.76666667
76.78571429,19673,7321,-16.05833333,13.99166667
54.3125,19716,7436,-15.7,13.03333333
61.8,19654,7242,-16.21666667,14.65
41.625,19653,7464,-16.225,12.8
81.9375,19707,7351,-15.775,13.74166667
53.6,19688,7267,-15.93333333,14.44166667
76,19664,7265,-16.13333333,14.45833333
85,19641,7364,-16.325,13.63333333
39.61764706,20082,7505,-12.65,12.45833333
66.5,19787,7180,-15.10833333,15.16666667
65.33333333,19692,7223,-15.9,14.80833333
63,20105,7212,-12.45833333,14.9
69.7,19629,7310,-16.425,14.08333333
63,20038,7158,-13.01666667,15.35
60.4,19559,7201,-17.00833333,14.99166667
33.4375,19625,7447,-16.45833333,12.94166667
80.05555556,19853,7322,-14.55833333,13.98333333
57.6,19506,7235,-17.45,14.70833333
44.94444444,19870,7334,-14.41666667,13.88333333
72.21428571,19730,7213,-15.58333333,14.89166667
44.73333333,20206,7506,-11.61666667,12.45
95.11111111,20024,7156,-13.13333333,15.36666667
53.7,19506,7231,-17.45,14.74166667
90.25,19510,7228,-17.41666667,14.76666667
59.78571429,19675,7324,-16.04166667,13.96666667
68.2,19542,7247,-17.15,14.60833333
60.57142857,19695,7310,-15.875,14.08333333
72.5625,19627,7243,-16.44166667,14.64166667
27.66666667,19729,7489,-15.59166667,12.59166667
80.6,19581,7206,-16.825,14.95
53,19717,7024,-15.69166667,16.46666667
47.08333333,19695,7491,-15.875,12.575
38.35714286,19948,7422,-13.76666667,13.15
61.7,19514,7227,-17.38333333,14.775
61.72222222,20019,7141,-13.175,15.49166667
50.9375,19782,7145,-15.15,15.45833333
75.6,19563,7269,-16.975,14.425
32.25,19644,7468,-16.3,12.76666667
65.28571429,19739,7019,-15.50833333,16.50833333
32.18181818,20066,7503,-12.78333333,12.475
53.0625,19857,7325,-14.525,13.95833333
63.78571429,19715,7333,-15.70833333,13.89166667
50.28571429,19900,7450,-14.16666667,12.91666667
49.5,19774,7334,-15.21666667,13.88333333
54.625,19514,7230,-17.38333333,14.75
83,19621,7219,-16.49166667,14.84166667
41.85714286,19973,7095,-13.55833333,15.875
60.9,19609,7175,-16.59166667,15.20833333
76.4,19693,7219,-15.89166667,14.84166667
89.75,19820,7170,-14.83333333,15.25
66.4375,19808,7452,-14.93333333,12.9
36.6875,20019,7126,-13.175,15.61666667
79.5,20105,7211,-12.45833333,14.90833333
41.78571429,19937,7450,-13.85833333,12.91666667
31.375,19632,7472,-16.4,12.73333333
57.42857143,19665,7314,-16.125,14.05
51.21428571,20183,7461,-11.80833333,12.825
29.3125,19627,7498,-16.44166667,12.51666667
61.66666667,19907,7422,-14.10833333,13.15
34.14285714,19960,7081,-13.66666667,15.99166667
58.8,19785,7212,-15.125,14.9
55.25,19604,7267,-16.63333333,14.44166667
64.21428571,19738,7318,-15.51666667,14.01666667
34.91666667,19694,7491,-15.88333333,12.575
51.75,19712,7466,-15.73333333,12.78333333
42.25,19737,7461,-15.525,12.825
45.66666667,19961,7185,-13.65833333,15.125
60.33333333,19694,7213,-15.88333333,14.89166667
54.8,19972,7351,-13.56666667,13.74166667
67.61111111,20041,7162,-12.99166667,15.31666667
72.5,19654,7119,-16.21666667,15.675
87.75,19653,7125,-16.225,15.625
37.125,19594,7443,-16.71666667,12.975
59.64285714,19862,7265,-14.48333333,14.45833333
55.3125,19734,7309,-15.55,14.09166667
37.07142857,19993,7112,-13.39166667,15.73333333
52.22727273,19764,7297,-15.3,14.19166667
37.35714286,19728,7441,-15.6,12.99166667
65.75,19673,7331,-16.05833333,13.90833333
63.77777778,19673,7487,-16.05833333,12.60833333
51.42857143,19681,7293,-15.99166667,14.225
42.3125,19645,7493,-16.29166667,12.55833333
48.75,19727,7500,-15.60833333,12.5
59.21428571,19694,7305,-15.88333333,14.125
89.4,19650,7321,-16.25,13.99166667
32.28571429,19910,7408,-14.08333333,13.26666667
46.625,19683,7061,-15.975,16.15833333
55.61111111,19680,7486,-16,12.61666667
78.16666667,19664,7116,-16.13333333,15.7
32.57142857,20129,7508,-12.25833333,12.43333333
75,19606,7240,-16.61666667,14.66666667
65.85714286,19671,7300,-16.075,14.16666667
31.16666667,19712,7485,-15.73333333,12.625
74.125,19564,7271,-16.96666667,14.40833333
57.2,19639,7142,-16.34166667,15.48333333
41.1875,19743,7406,-15.475,13.28333333
32.8125,19697,7441,-15.85833333,12.99166667
58.78571429,19848,7135,-14.6,15.54166667
81,19552,7228,-17.06666667,14.76666667
48.35714286,19873,7258,-14.39166667,14.51666667
64.875,19944,7073,-13.8,16.05833333
32.88888889,19645,7492,-16.29166667,12.56666667
56.75,19718,7435,-15.68333333,13.04166667
58.07142857,19687,7296,-15.94166667,14.2
38.25,19655,7463,-16.20833333,12.80833333
90.57142857,20104,7212,-12.46666667,14.9
87.21428571,20105,7211,-12.45833333,14.90833333
92.78571429,20137,7493,-12.19166667,12.55833333
66.75,20134,7265,-12.21666667,14.45833333
89.25,19859,7020,-14.50833333,16.5
63.07142857,19679,7283,-16.00833333,14.30833333
78,19576,7291,-16.86666667,14.24166667
63.7,19512,7227,-17.4,14.775
77,19605,7186,-16.625,15.11666667
41.875,19620,7467,-16.5,12.775
38,20145,7483,-12.125,12.64166667
83.75,19653,7127,-16.225,15.60833333
73.3125,19803,7313,-14.975,14.05833333
67.92857143,19751,7326,-15.40833333,13.95
76.1,19627,7156,-16.44166667,15.36666667
30.8125,19623,7444,-16.475,12.96666667
63.3,19527,7225,-17.275,14.79166667
84.6,19652,7242,-16.23333333,14.65
87,19527,7234,-17.275,14.71666667
48,20058,7373,-12.85,13.55833333
67.5,19803,7445,-14.975,12.95833333
82.66666667,19625,7236,-16.45833333,14.7
76.8,19596,7269,-16.7,14.425
62.6875,20110,7233,-12.41666667,14.725
52.42857143,19657,7317,-16.19166667,14.025
46.33333333,19658,7049,-16.18333333,16.25833333
55.3,19626,7263,-16.45,14.475
74.6,19709,7256,-15.75833333,14.53333333
56.57142857,20009,7122,-13.25833333,15.65
56.85714286,19948,7424,-13.76666667,13.13333333
24.85714286,19906,7477,-14.11666667,12.69166667
36.9375,19738,7402,-15.51666667,13.31666667
67.125,19712,7194,-15.73333333,15.05
60.83333333,19937,7071,-13.85833333,16.075
78.875,19639,7143,-16.34166667,15.475
53.84615385,20168,7470,-11.93333333,12.75
29.58333333,19728,7504,-15.6,12.46666667
63.4375,19701,7297,-15.825,14.19166667
56.66666667,19761,7455,-15.325,12.875
62.1,19507,7234,-17.44166667,14.71666667
39.73529412,19614,7501,-16.55,12.49166667
68.05555556,19926,7067,-13.95,16.10833333
56.4,19512,7227,-17.4,14.775
55.25,19621,7078,-16.49166667,16.01666667
62.5,19853,7245,-14.55833333,14.625
70.16666667,19650,7145,-16.25,15.45833333
67.125,20095,7197,-12.54166667,15.025
29.8125,19639,7500,-16.34166667,12.5
64.4,19648,7236,-16.26666667,14.7
77.75,19911,7336,-14.075,13.86666667
45.6875,19723,7432,-15.64166667,13.06666667
65.6,19636,7165,-16.36666667,15.29166667
70.58333333,19695,7491,-15.875,12.575
44,20123,7248,-12.30833333,14.6
60.125,19853,7323,-14.55833333,13.975
56.41666667,19712,7047,-15.73333333,16.275
57.6875,19880,7439,-14.33333333,13.00833333
35.28571429,19912,7420,-14.06666667,13.16666667
47.28571429,19969,7084,-13.59166667,15.96666667
87.9,19685,7085,-15.95833333,15.95833333
79.4,19603,7313,-16.64166667,14.05833333
65.625,19605,7192,-16.625,15.06666667
49.7,19600,7167,-16.66666667,15.275
82.875,19608,7212,-16.6,14.9
76,19558,7267,-17.01666667,14.44166667
93.6,19632,7279,-16.4,14.34166667
76.625,20094,7197,-12.55,15.025
59.5,20002,7128,-13.31666667,15.6
57.1,19692,7217,-15.9,14.85833333
59.27272727,19770,7254,-15.25,14.55
75.25,19707,7350,-15.775,13.75
62.5,19691,7226,-15.90833333,14.78333333
73.94444444,19611,7235,-16.575,14.70833333
49.78571429,20193,7474,-11.725,12.71666667
40.2,19874,7415,-14.38333333,13.20833333
95.4,19671,7261,-16.075,14.49166667
51.45833333,19761,7244,-15.325,14.63333333
69.9,19649,7242,-16.25833333,14.65
66.9,19520,7226,-17.33333333,14.78333333
71.375,19714,7268,-15.71666667,14.43333333
49.64285714,20118,7455,-12.35,12.875
82.5,19674,7194,-16.05,15.05
77.6,19625,7237,-16.45833333,14.69166667
82.33333333,19695,7220,-15.875,14.83333333
70.71428571,19743,7157,-15.475,15.35833333
78.91666667,19687,7287,-15.94166667,14.275
52.22727273,19768,7281,-15.26666667,14.325
60.92857143,19704,7343,-15.8,13.80833333
78.94444444,19823,7015,-14.80833333,16.54166667
82.83333333,19653,7125,-16.225,15.625
64.25,19583,7206,-16.80833333,14.95
67.8,19526,7228,-17.28333333,14.76666667
76.2,19506,7231,-17.45,14.74166667
51.875,19937,7298,-13.85833333,14.18333333
54.5,19526,7232,-17.28333333,14.73333333
58,19603,7252,-16.64166667,14.56666667
74.5,19661,7298,-16.15833333,14.18333333
64.5,19514,7226,-17.38333333,14.78333333
43,19608,7434,-16.6,13.05
59.5,19724,7337,-15.63333333,13.85833333
47.23076923,20066,7486,-12.78333333,12.61666667
64.5,19518,7228,-17.35,14.76666667
59.33333333,19692,7217,-15.9,14.85833333
83.42857143,19714,7023,-15.71666667,16.475
67.78571429,19959,7349,-13.675,13.75833333
83,19586,7168,-16.78333333,15.26666667
57,20148,7427,-12.1,13.10833333
47.03333333,19796,7421,-15.03333333,13.15833333
33.5,19953,7074,-13.725,16.05
60.42857143,19701,7327,-15.825,13.94166667
45.0625,19816,7252,-14.86666667,14.56666667
77.85714286,19960,7348,-13.66666667,13.76666667
51.90909091,19770,7273,-15.25,14.39166667
66.625,19741,7328,-15.49166667,13.93333333
55.82142857,19846,7236,-14.61666667,14.7
82.75,19514,7229,-17.38333333,14.75833333
71.1,19626,7342,-16.45,13.81666667
33.59375,19769,7407,-15.25833333,13.275
55.07142857,19949,7424,-13.75833333,13.13333333
67.28571429,19686,7287,-15.95,14.275
65.1,19653,7239,-16.225,14.675
87.25,19811,7454,-14.90833333,12.88333333
80.375,19612,7233,-16.56666667,14.725
70.625,19956,7392,-13.7,13.4
47.7,19587,7263,-16.775,14.475
60.68181818,20105,7261,-12.45833333,14.49166667
43.375,20151,7290,-12.075,14.25
66,19699,7266,-15.84166667,14.45
64.6,19645,7245,-16.29166667,14.625
47.2,19634,7268,-16.38333333,14.43333333
82.27777778,19961,7347,-13.65833333,13.775
67.92857143,19824,7323,-14.8,13.975
53.53125,19833,7225,-14.725,14.79166667
62,19546,7220,-17.11666667,14.83333333
59.95,19773,7333,-15.225,13.89166667
36.66666667,19981,7093,-13.49166667,15.89166667
62.5,19584,7207,-16.8,14.94166667
66.8125,20190,7460,-11.75,12.83333333
52.5625,19905,7360,-14.125,13.66666667
61,19619,7077,-16.50833333,16.025
47.71428571,19794,7293,-15.05,14.225
45.25,20088,7463,-12.6,12.80833333
40.83333333,19754,7464,-15.38333333,12.8
50.375,19951,7379,-13.74166667,13.50833333
46.14285714,19615,7502,-16.54166667,12.48333333
44.85714286,19892,7426,-14.23333333,13.11666667
86.61111111,19607,7226,-16.60833333,14.78333333
93.7,19567,7228,-16.94166667,14.76666667
75.6875,19718,7302,-15.68333333,14.15
70.375,19710,7277,-15.75,14.35833333
62.375,19762,7237,-15.31666667,14.69166667
68.4,19574,7183,-16.88333333,15.14166667
31.2,20040,7438,-13,13.01666667
62.8,19655,7269,-16.20833333,14.425
67.66666667,19658,7101,-16.18333333,15.825
31.66666667,19605,7494,-16.625,12.55
77.1,19524,7233,-17.3,14.725
78.9,19672,7261,-16.06666667,14.49166667
49.64285714,19906,7422,-14.11666667,13.15
79.33333333,19688,7347,-15.93333333,13.775
71.5,19673,7338,-16.05833333,13.85
80.41666667,19568,7227,-16.93333333,14.775
62.4,19652,7243,-16.23333333,14.64166667
69.85714286,19707,7350,-15.775,13.75
47.75,19748,7452,-15.43333333,12.9
50.9,19600,7262,-16.66666667,14.48333333
57.33333333,19943,7072,-13.80833333,16.06666667
61.5,19812,7281,-14.9,14.325
46.0625,19872,7304,-14.4,14.13333333
56.92857143,19728,7303,-15.6,14.14166667
40.3,19587,7504,-16.775,12.46666667
53.11111111,20042,7389,-12.98333333,13.425
51.2,19507,7234,-17.44166667,14.71666667
65.6,19664,7246,-16.13333333,14.61666667
83.58333333,19706,7148,-15.78333333,15.43333333
45.25,20130,7279,-12.25,14.34166667
90.1,19539,7226,-17.175,14.78333333
59.1,19576,7205,-16.86666667,14.95833333
44.66666667,19730,7465,-15.58333333,12.79166667
32.5,20116,7475,-12.36666667,12.70833333
44.46666667,19608,7498,-16.6,12.51666667
38.5,19636,7481,-16.36666667,12.65833333
81.71428571,19694,7362,-15.88333333,13.65
64.21428571,19662,7048,-16.15,16.26666667
62,20094,7219,-12.55,14.84166667
45.05555556,19853,7343,-14.55833333,13.80833333
68.58333333,19692,7223,-15.9,14.80833333
35.53333333,19776,7409,-15.2,13.25833333
82.78571429,20138,7493,-12.18333333,12.55833333
71.625,19787,7468,-15.10833333,12.76666667
66.08333333,19691,7223,-15.90833333,14.80833333
43,19703,7495,-15.80833333,12.54166667
56.5,19863,7454,-14.475,12.88333333
69.1,19640,7340,-16.33333333,13.83333333
33.08333333,19707,7493,-15.775,12.55833333
38.22222222,19644,7492,-16.3,12.56666667
90.4,19650,7328,-16.25,13.93333333
56.75,20107,7284,-12.44166667,14.3
71.8,19633,7090,-16.39166667,15.91666667
78.14285714,19734,7308,-15.55,14.1
86.2,19624,7305,-16.46666667,14.125
65.09375,20061,7483,-12.825,12.64166667
60.9375,19807,7453,-14.94166667,12.89166667
61.5,19785,7316,-15.125,14.03333333
44.81818182,19790,7283,-15.08333333,14.30833333
63.85714286,19735,7307,-15.54166667,14.10833333
47.07142857,19737,7280,-15.525,14.33333333
98.35714286,20105,7211,-12.45833333,14.90833333
62.27777778,19885,7327,-14.29166667,13.94166667
74,19650,7249,-16.25,14.59166667
78.5,20084,7200,-12.63333333,15
44.5,19626,7086,-16.45,15.95
55.33333333,19528,7233,-17.26666667,14.725
74.75,19620,7214,-16.5,14.88333333
75.5,19582,7205,-16.81666667,14.95833333
89.1,19513,7227,-17.39166667,14.775
38.44444444,19631,7511,-16.40833333,12.40833333
69.1,19517,7228,-17.35833333,14.76666667
45.6,19718,7257,-15.68333333,14.525
73.6,19671,7261,-16.075,14.49166667
86.28571429,19625,7236,-16.45833333,14.7
73.64285714,19635,7335,-16.375,13.875
50.875,19681,7486,-15.99166667,12.61666667
82.41666667,19681,7139,-15.99166667,15.50833333
90.25,19583,7206,-16.80833333,14.95
81.3,20105,7212,-12.45833333,14.9
78.1,19632,7279,-16.4,14.34166667
74.125,19604,7357,-16.63333333,13.69166667
72.75,19625,7237,-16.45833333,14.69166667
36.41666667,19725,7485,-15.625,12.625
65.91666667,19691,7225,-15.90833333,14.79166667
69.2,19688,7134,-15.93333333,15.55
75.2,19550,7230,-17.08333333,14.75
49.3125,19896,7451,-14.2,12.90833333
36.83333333,19733,7474,-15.55833333,12.71666667
69.07142857,19627,7155,-16.44166667,15.375
44.92857143,19681,7023,-15.99166667,16.475
50.8,19605,7277,-16.625,14.35833333
60.16666667,19506,7232,-17.45,14.73333333
70.25,19692,7225,-15.9,14.79166667
97.66666667,19823,7323,-14.80833333,13.975
79.33333333,19653,7115,-16.225,15.70833333
51.42857143,19662,7324,-16.15,13.96666667
71.61111111,19980,7330,-13.5,13.91666667
84.5,19645,7361,-16.29166667,13.65833333
40,20015,7140,-13.20833333,15.5
60.1,19515,7227,-17.375,14.775
92,19592,7199,-16.73333333,15.00833333
59.16666667,19666,7490,-16.11666667,12.58333333
54.1875,19985,7393,-13.45833333,13.39166667
61.7,19548,7257,-17.1,14.525
83.3,19579,7300,-16.84166667,14.16666667
66.85714286,19668,7301,-16.1,14.15833333
61.33333333,19694,7216,-15.88333333,14.86666667
69,19504,7236,-17.46666667,14.7
72,19581,7207,-16.825,14.94166667
45.5,19969,7084,-13.59166667,15.96666667
80.55555556,19615,7237,-16.54166667,14.69166667
76.75,19960,7346,-13.66666667,13.78333333
74.33333333,19696,7219,-15.86666667,14.84166667
71.8,19665,7256,-16.125,14.53333333
60,19513,7230,-17.39166667,14.75
88.4,19589,7228,-16.75833333,14.76666667
78.4375,19787,7152,-15.10833333,15.4
71.5,19719,7142,-15.675,15.48333333
83.4,19548,7252,-17.1,14.56666667
42.64285714,20121,7514,-12.325,12.38333333
62,19806,7462,-14.95,12.81666667
83.38888889,20047,7176,-12.94166667,15.2
42.21428571,20081,7492,-12.65833333,12.56666667
65.27777778,19853,7323,-14.55833333,13.975
35.875,19658,7445,-16.18333333,12.95833333
64.875,19709,7280,-15.75833333,14.33333333
32.1875,19878,7472,-14.35,12.73333333
80.9,19527,7227,-17.275,14.775
73.375,20138,7493,-12.18333333,12.55833333
67.9,19655,7233,-16.20833333,14.725
58,19611,7244,-16.575,14.63333333
84.4,19569,7225,-16.925,14.79166667
58.9,19687,7269,-15.94166667,14.425
67.5,20224,7453,-11.46666667,12.89166667
65.9,19505,7238,-17.45833333,14.68333333
61.64285714,19681,7287,-15.99166667,14.275
89,20137,7493,-12.19166667,12.55833333
67.21428571,19843,7062,-14.64166667,16.15
49.14285714,19939,7361,-13.84166667,13.65833333
49.07142857,19662,7284,-16.15,14.3
26.14285714,19718,7069,-15.68333333,16.09166667
88.25,19623,7221,-16.475,14.825
44.03333333,19590,7510,-16.75,12.41666667
61.6,19513,7227,-17.39166667,14.775
61.32142857,20152,7403,-12.06666667,13.30833333
77.5,19823,7322,-14.80833333,13.98333333
41.91666667,19734,7475,-15.55,12.70833333
38.3,19946,7387,-13.78333333,13.44166667
35.66666667,20491,7505,-9.241666667,12.45833333
56.07142857,19792,7315,-15.06666667,14.04166667
74.75,19704,7133,-15.8,15.55833333
76.1,19673,7180,-16.05833333,15.16666667
59.78571429,19907,7422,-14.10833333,13.15
21.4375,19716,7440,-15.7,13
68.2,19651,7241,-16.24166667,14.65833333
65,19882,7032,-14.31666667,16.4
76,19534,7221,-17.21666667,14.825
33.16666667,19715,7493,-15.70833333,12.55833333
65.14285714,19673,7301,-16.05833333,14.15833333
68.38888889,19922,7047,-13.98333333,16.275
34.25,19738,7474,-15.51666667,12.71666667
72.66666667,19901,7451,-14.15833333,12.90833333
60.92857143,19686,7288,-15.95,14.26666667
43.375,19833,7355,-14.725,13.70833333
80.42857143,19626,7155,-16.45,15.375
47.1,19515,7226,-17.375,14.78333333
81.7,19580,7204,-16.83333333,14.96666667
61.9375,19809,7454,-14.925,12.88333333
40.33333333,20014,7466,-13.21666667,12.78333333
73.8,19507,7229,-17.44166667,14.75833333
57,19776,7276,-15.2,14.36666667
85.125,19716,7081,-15.7,15.99166667
69.07142857,19734,7307,-15.55,14.10833333
74.1875,19734,7313,-15.55,14.05833333
67.71428571,19687,7288,-15.94166667,14.26666667
72.5,20071,7201,-12.74166667,14.99166667
57.75,19502,7233,-17.48333333,14.725
71.33333333,19601,7304,-16.65833333,14.13333333
79.5,19958,7349,-13.68333333,13.75833333
90.125,19930,7342,-13.91666667,13.81666667
69.6,19636,7167,-16.36666667,15.275
42.82352941,20054,7480,-12.88333333,12.66666667
78.57142857,19607,7282,-16.60833333,14.31666667
38.3,19505,7235,-17.45833333,14.70833333
58.16666667,19748,7182,-15.43333333,15.15
50.07142857,19614,7501,-16.55,12.49166667
65.70833333,19765,7310,-15.29166667,14.08333333
61,19512,7231,-17.4,14.74166667
64.33333333,19717,7025,-15.69166667,16.45833333
65.4,19541,7245,-17.15833333,14.625
44.83333333,20005,7134,-13.29166667,15.55
65.78571429,19631,7208,-16.40833333,14.93333333
66.16666667,19621,7274,-16.49166667,14.38333333
58.58333333,19765,7029,-15.29166667,16.425
38.41666667,19700,7486,-15.83333333,12.61666667
57.57142857,19652,7305,-16.23333333,14.125
33.5,19718,7433,-15.68333333,13.05833333
36.17857143,19617,7503,-16.525,12.475
63.85714286,19881,7032,-14.325,16.4
76.64285714,19658,7328,-16.18333333,13.93333333
63.4375,19743,7157,-15.475,15.35833333
53.71428571,19808,7296,-14.93333333,14.2
63.5,19668,7280,-16.1,14.33333333
33.33333333,19616,7500,-16.53333333,12.5
76.92857143,19687,7287,-15.94166667,14.275
66.6,19706,7312,-15.78333333,14.06666667
45.63333333,19836,7400,-14.7,13.33333333
78.5,19672,7149,-16.06666667,15.425
57.625,19506,7238,-17.45,14.68333333
69.33333333,19802,7009,-14.98333333,16.59166667
48.5,19603,7248,-16.64166667,14.6
65.4375,19706,7350,-15.78333333,13.75
80.33333333,20139,7494,-12.175,12.55
55.66666667,19667,7491,-16.10833333,12.575
47.125,20000,7092,-13.33333333,15.9
36.4375,19652,7480,-16.23333333,12.66666667
49.2,19658,7167,-16.18333333,15.275
33.875,19659,7461,-16.175,12.825
69.6,19627,7156,-16.44166667,15.36666667
75.2,19518,7228,-17.35,14.76666667
38.9,20063,7485,-12.80833333,12.625
85,19626,7237,-16.45,14.69166667
31.85714286,20103,7493,-12.475,12.55833333
75.78571429,19797,7310,-15.025,14.08333333
71.5,19566,7269,-16.95,14.425
28.21875,19615,7501,-16.54166667,12.49166667
46.6,19892,7311,-14.23333333,14.075
70.64285714,19816,7027,-14.86666667,16.44166667
33.28571429,20154,7508,-12.05,12.43333333
65.33333333,20176,7435,-11.86666667,13.04166667
58.04545455,19764,7283,-15.3,14.30833333
41.75,19702,7476,-15.81666667,12.7
65,19621,7078,-16.49166667,16.01666667
64.82352941,19912,7220,-14.06666667,14.83333333
35.29411765,19610,7493,-16.58333333,12.55833333
57.3,19911,7448,-14.075,12.93333333
54.11111111,20004,7349,-13.3,13.75833333
75.71428571,19752,7341,-15.4,13.825
100.4285714,19824,7323,-14.8,13.975
42.6,19915,7297,-14.04166667,14.19166667
63.42857143,19735,7307,-15.54166667,14.10833333
58.14285714,19665,7349,-16.125,13.75833333
69.5,19654,7125,-16.21666667,15.625
57,20217,7450,-11.525,12.91666667
62.92857143,19669,7302,-16.09166667,14.15
65.1,19516,7226,-17.36666667,14.78333333
66.16666667,20043,7142,-12.975,15.48333333
74,19574,7183,-16.88333333,15.14166667
26.92857143,19916,7475,-14.03333333,12.70833333
76.71428571,19743,7157,-15.475,15.35833333
64.78571429,19735,7308,-15.54166667,14.1
56.83333333,19749,7482,-15.425,12.65
34.71428571,19958,7079,-13.68333333,16.00833333
39.33333333,20027,7137,-13.10833333,15.525
62.25,19653,7126,-16.225,15.61666667
69,19672,7262,-16.06666667,14.48333333
63.33333333,19695,7217,-15.875,14.85833333
58,19621,7080,-16.49166667,16
73.14285714,19738,7318,-15.51666667,14.01666667
36,19773,7460,-15.225,12.83333333
64,20508,7269,-9.1,14.425
83.4375,19786,7153,-15.11666667,15.39166667
73.8,19524,7227,-17.3,14.775
67.8,19565,7271,-16.95833333,14.40833333
81.5,19696,7217,-15.86666667,14.85833333
92.85714286,19822,7323,-14.81666667,13.975
51.9,19728,7237,-15.6,14.69166667
80.64285714,19681,7368,-15.99166667,13.6
71.5,19672,7261,-16.06666667,14.49166667
69.25,19582,7206,-16.81666667,14.95
69.3,19517,7227,-17.35833333,14.775
69.83333333,19784,7324,-15.13333333,13.96666667
65.5625,20370,7351,-10.25,13.74166667
51,19652,7463,-16.23333333,12.80833333
58.42857143,19910,7448,-14.08333333,12.93333333
77.6,19627,7099,-16.44166667,15.84166667
45.5625,20001,7399,-13.325,13.34166667
48.6,19695,7273,-15.875,14.39166667
34.82142857,19856,7214,-14.53333333,14.88333333
54.8125,19679,7338,-16.00833333,13.85
38.4375,19886,7376,-14.28333333,13.53333333
70.21428571,19707,7351,-15.775,13.74166667
56.07142857,19902,7177,-14.15,15.19166667
43.26666667,20060,7477,-12.83333333,12.69166667
49,20001,7128,-13.325,15.6
57.4,19654,7242,-16.21666667,14.65
83,19615,7230,-16.54166667,14.75
38.83333333,19800,7289,-15,14.25833333
36.35714286,19906,7423,-14.11666667,13.14166667
64.1875,19842,7018,-14.65,16.51666667
68.11111111,19843,7018,-14.64166667,16.51666667
64.28571429,19729,7125,-15.59166667,15.625
26.5625,19724,7433,-15.63333333,13.05833333
76,19570,7223,-16.91666667,14.80833333
58.25,19799,7452,-15.00833333,12.9
59.125,19724,7402,-15.63333333,13.31666667
44.44444444,19984,7175,-13.46666667,15.20833333
80.92857143,20139,7494,-12.175,12.55
49.91666667,19687,7479,-15.94166667,12.675
71.75,19625,7222,-16.45833333,14.81666667
74.78571429,20021,7321,-13.15833333,13.99166667
58.61111111,20038,7158,-13.01666667,15.35
58.0625,19807,7452,-14.94166667,12.9
61.92857143,19672,7302,-16.06666667,14.15
57.28571429,19723,7433,-15.64166667,13.05833333
46.11111111,19865,7297,-14.45833333,14.19166667
53.85714286,19643,7042,-16.30833333,16.31666667
80.4,19659,7236,-16.175,14.7
61.85714286,19631,7066,-16.40833333,16.11666667
70.6,19565,7236,-16.95833333,14.7
84.78571429,19787,7321,-15.10833333,13.99166667
87.88888889,20046,7238,-12.95,14.68333333
82.75,19782,7106,-15.15,15.78333333
59.3125,19696,7020,-15.86666667,16.5
43.16666667,19684,7464,-15.96666667,12.8
83.71428571,19710,7305,-15.75,14.125
37.38888889,19648,7490,-16.26666667,12.58333333
68.625,19661,7217,-16.15833333,14.85833333
71.05555556,19907,7049,-14.10833333,16.25833333
33.4375,19619,7467,-16.50833333,12.775
43.73529412,19615,7501,-16.54166667,12.49166667
97.1,19509,7228,-17.425,14.76666667
70.14285714,19502,7233,-17.48333333,14.725
81.8,19532,7236,-17.23333333,14.7
76,19636,7334,-16.36666667,13.88333333
50.44444444,20020,7369,-13.16666667,13.59166667
74,19530,7223,-17.25,14.80833333
67.42307692,19833,7211,-14.725,14.90833333
82.16666667,19629,7367,-16.425,13.60833333
79.8,19962,7347,-13.65,13.775
84.3,19637,7347,-16.35833333,13.775
75.75,19719,7330,-15.675,13.91666667
71.25,19512,7229,-17.4,14.75833333
93.3,19583,7216,-16.80833333,14.86666667
56,19766,7309,-15.28333333,14.09166667
58.58333333,19606,7151,-16.61666667,15.40833333
53.78571429,19718,7267,-15.68333333,14.44166667
48.33333333,19710,7056,-15.75,16.2
74.64285714,20112,7219,-12.4,14.84166667
70,19950,7159,-13.75,15.34166667
68.5,19544,7244,-17.13333333,14.63333333
86.3,19708,7351,-15.76666667,13.74166667